Type of Entity,Category,Entity Name,Nickname,Location,Website,Number of Employees,Key People,Twitter Handle,Number of Twitter Followers,Affiliations,Related To,Collaboration,Funding Received,Year Funding Received,Investment Received,Year Investment Received,Revenue and Expenses (Budget),Year of Revenue and Expenses (Budget),Funding Given,Year of Funding Given,Global or Local Relevance
Non-Profit,General,Code for America,Code for America,"San Francisco, CA",http://codeforamerica.org/,52,"Jen Pahlka, Shona Brown, Nigel Jacob, John Lilly, Stacy Donohue, Andrew McLaughlin, Tim O'Reilly, Eric Ries, Clay Johnson",@codeforamerica,27724,null,"BetaNYC, Civic Commons",OpenPlans,Omidyar Network:null; John S. and James L. Knight Foundation:null; Google:1500000; 1st Source Bank:null; Accela:null; Akonadi Foundation:null; Akron Metropolitan Area Transportation Study:null; AT&T:null; Blue Ridge Foundation New York:null; Cerner Corporation:null; City of Akron:null; Community Foundation of St. Joseph County:null; Conservancy of Cuyahoga Valley National Park:null; Ewing Marion Kauffman Foundation:null; Google Fiber:null; H&R Block Foundation:null; Hall Family Foundation:null; Hallmark Cards Inc.:null; Judd Leighton Foundation:null; Kapor Center for Social Impact:null; Laura and John Arnold Foundation:null; Louisville Bar Foundation:null; Memorial Health System:null; Metro Parks:null; Neighborly:null; Ohio and Erie Canalway Coalition:null; Pandora Media:null; Philanthropic Ventures Foundation:null; Rita Allen Foundation:null; Spring Nextel:null; St. Joseph Regional Medical Center:null; Teachers Credit Union:null; The Downtown Project:null; Vodafone Americas Foundation:null; William H. Donner Foundation:null; Blude Ridge Foundation New York:null; California Healthcare Foundation:null; Cascadilla Fund:null; Cutts Foundation: null; James Irvine Foundation:null; Reid Hoffman Foundation:null; Kaphan Foundation:null; Bluehost with the support of Hari Ravichandran:null; Ashoka Foundation:null; City of Sacramento:null; Edwards Family Fund:null; Elbaz Family Foundation:null; Robert Glushko and Pamela Samuelson:null; Goldhirsh Foundation:null; Harik Fund:null; William and Weslie Janeway:null; Vaughn Koch:null; Dana Le and Rob Mee:null; John D. and Catherine T. MacArthur Foundation:null; Sundar PIchai:null; Geoffrey and Andrea Ralsoton:null; Redlich Horowitz Foundation:null; Shustek Dubinsky Family Philanthropic Fund:null; Hal Varian:null; Eric Ries:null; Craig Newmark Philanthropic Fund:null; Microsoft Corporation:null; Total:2175855,2011,null,null,Revenue:2961713; Expenses:3003561,2011,334000,2012,1
Non-Profit,General,John S. and James L. Knight Foundation,Knight Fdn,"Miami, FL",http://www.knightfoundation.org,67,"Alberto Ibarguen, Robert Briggs",@knightfdn,72380,null,"INNovation Fund, Tech for Engagement Initiative",null,Total:5225536,2012,null,null,Revenue:113570166; Expenses:130255476,2012,The Governance Lab at NYU:null; Berkman Center for Internet and Society:null; New America Foundation:null; Brookings Institution:null; Sunlight Foundation:null; Personal Democracy Media:null; GovLab:null; W3C:null; Open Data Institute:null; Open Knowledge Foundation:null; OpenPlans:620000; Total:92493104,2012,1
Government,General,The White House ,White House ,"Washington, DC",http://www.whitehouse.gov/,468,"Barack Obama, Bill Clinton, Hillary Clinton, Todd Park, John Paul Farmer, Jen Pahlka, Beth Noveck, Andrew McLaughlin, Tom Kalil, Cristin Dorgelo, Kumar Garg, Brian Forde, Nick Sinai, Nicole Wong, Tom Power, Aneesh Chopra, Katie Dowd, Hollie Russon-Gilman, Adam Becker, Vidya Spandana",@WhiteHouse,5148716,null,"Office of Science and Technology Policy, Government",null,null,null,null,null,Budget:710753000,2013,null,null,1
Non-Profit,General,Berkman Center for Internet and Society ,Berkman Ctr,"Cambridge, MA",http://cyber.law.harvard.edu,185,"Yochai Benkler, Susan Crawford, John Deighton, William Fisher, Urs Gasser, Charles Nesson, Felix Oberholzer-Gee, John Palfrey, Jeffrey Schnapp, Yochai Benkler, Susan Crawford, John Deighton, William Fisher, Urs Gasser, Charles Nesson, Felix Oberholzer-Gee, John Palfrey, Jeffrey Schnapp, Stuart Shieber, Mark Wu, Jonathan Zittrain, Ethan Zuckerman, danah boyd, Clay Shirky, John Perry Barlow, Bruce Schneier",@berkmancenter,33528,null,"Harvard University, Harvard Law School",Nieman Foundation,Arcadia Fund:null; Peter Baldwin and Lisbet Rausing:null; Ellen Berkman:null; Ford Foundation:null; Google:null; Stella P. Holt Foundation:null; InterCulture Foundation:null; International Development Research Centre:null; Ewing Marion Kauffman Foundation:null; John S. and James L. Knight Foundation:null; John D. and Catherine T. MacArthur Foundation:null; McCormick Foundation:null; Microsoft Corporation:null; National Science Foundation:null; Craig Newmark:null; Omidyar Network:null; Open Society Foundation:null; Alfred P. Sloan Foundation:null; USAID:null; Department of State:null,null,null,null,Budget:4000000-5000000 ,2010,null,null,1
Non-Profit,General,New America,New America,"Washington, DC",http://www.newamerica.org,174,"Anne-Marie Slaughter, Kevin Bankston, Alissa Black, Hollie Russon-Gilman, Laurenellen McCann, Andrew McLaughlin, Georgia Bullen, Kevin Bankston, Michael Calabrese, Alan Davidson, Thomas Gideon, Chhaya Kapadia, Rebecca MacKinnon, Joshua Breitbart, Seeta Gangadharan, Lorelei Kelly, Benjamin Lennett, Bruce Schneier, Sascha Meinrath, Eric Schmidt",@NewAmerica,17497,null,"Open Technology Institute, New America Foundation's California Civic Innovation",null,Google:null; Microsoft Corporation:null; John D. and Catherine T. MacArthur Foundation:null; Ford Foundation:null; Government:null; Harvard University:null; John D. Rockefeller Foundation:null; Total:21814326,2012,null,null,Revenue:22258222; Expenses:21634831,2012,null,null,1
Non-Profit,General,Brookings Institution,Brookings,"Washington, DC",http://www.brookings.edu,563,"Strobe Talbot, Peter Singer, Darrell West, Allan Friedman, John Villasenor, William Antholis, Steven Bennett, Kimberly Churches, Kemal Dervis, Ona Alston Dosunmu, Ted Gayer, Bruce Katz, David Nassar, Ted Piccone, Leigh Morris Sloane, Stewart Uretsky, Darrell West",@BrookingsInst,115637,null,"Center for 21st Century Security and Intelligence, Center for Technology Innovation",null,null,2012,null,null,Revenue:100602993; Expenses:96726329,2012,null,null,1
Non-Profit,Data and Transparency,Sunlight Foundation,Sunlight Fdn,"Washington, DC",http://sunlightfoundation.com,67,"Mike Klein, Ellen Miller, Laurenellen McCann, Stacy Donohue, Andrew Rasiej",@SunFoundation,35188,null,null,null,"John S. and James L. Knight Foundation:750000; Omidyar Network:500000; William and Flora Hewlett Foundation:250000; Ford Foundation:150000; Chang K. Park Foundation:100000; Park Foundation:100000; Rita Allen Foundation:1000000; Global Integrity:77625; Cards Against Humanity:50000; Kaphan Foundation:50000; Robert R. McCormick Foundation:50000; Global Integrity:43125; Investigative News Network:38156; craigslist Charitable Fund:25000; Transparency International - Secretariat:20415; 300 gifts under 250:10751; United Way of the Bay Area:10000; UX Pin:8994; Fidelity Charitable Gift Fund Helianthus Fund:7500; Silicon Valley Community Foundation Edwards Family Fund:5000; Participant Media:3000; BeeKeeper Group:2500; GitHub:2500; Granicus:2500; Socrata:2500; Susan & Ford Schumann Foundation:2000; Democracy Works:1985; Andrew Cohen:1000; Andrew McLaughlin:1000; Timothy Gholson:1000; Data Transparency Coalition:750; Barbara Friedman:500; Frank Beckman:500; Marvin Gottlieb:500; The George Washington University:500; O'Reilly Media Inc.:365.62; Citizens for Responsibility & Ethics in Washington:250; Fund for Constitutional Government:250; Henry Stiles:250; Ontodia, Inc.:250; OpenGov, Inc.:250; ProPublica:250; Quandl:250; Reporters Committee for Freedom of the Press:250; Robert Hanham:250; Scott Phillips:250",2014,null,null,Revenue:7912829; Expenses:7521833,2012,538403,2012,1
For-Profit,General,Personal Democracy Media,Personal Democracy Media,"New York, NY",https://personaldemocracy.com,8,"Micah Sifry, Andrew Rasiej",@pdmteam,7913,null,"Personal Democracy Forum, Personal Democracy Center",null,null,null,Microsoft Corporation:null; Facebook:null; Ford Foundation:null; Google:null; GitHub:null; Bloomberg Philanthropies:null; Mozilla:null; Omidyar Network:null; ThoughtWorks:null; NYU Interactive Telecommunications Program:null; Harvard Kennedy School Shorenstein Center on Media Politics and Public Policy:null; Change.org:null; tumblr.:null; Mobile Commons:null; GovDeliver:null; echoditto:null; democracy.com:null; UN Foundation:null,2014,null,null,null,null,1
Non-Profit,21st Century Jobs and Opportunities,New York Tech Meetup,NYTM,"New York, NY",http://nytm.org,22,"Andrew Rasiej, Micah Sifry, Jessica Lawrence",@NYTM,15403,null,null,null,null,null,Gotham Ventures:null; Wilson Sonsini Goodrich & Rosati:null; Google:null; Microsoft BizSpark:null; Bloomberg:null; tumblr:null; mlbam:null; TekServe:null; American Express:null; Thomson Reuters:null; Morgan Stanley:null; The Flatiron School:null; Microsoft:null,null,Revenue:371267; Expenses:388329,2012,null,null,0
Non-Profit,Data and Transparency,World Wide Web Consortium,W3C,"United Kingdom; Cambridge, MA",http://www.w3.org,86,"Tim Berners-Lee, Jeffrey Jaffe",@w3c,91670,null,null,Microsoft Corporation; Google,Collaborative Open Market to Place Objects at your Service:null; Decentralised Citizen Engagement Technologies:null; GloballTV:null; HTML5Apps:null; Mediascape Privacy and Identity Management in Europe for Life:null; Share-PSI 2.0:null; SmartOpenData:null; TPWG Chair Support:null; W3C Fellow:null; W3Conf Developer Conference:null; WAI Core:null; WAI Sponsors:null; WAI-DEV:null; Web Accessibility Initiative - Cooperation Framework for Guidance on Advanced Technologies Evaluation Methodologies and Research Agenda Setting to Support eAccessibility:null; WebPlatform Stewards:null; ICANN:null; Ford Foundation:null,2013,Intel XDK:null; ICANN:null; John S. and James L. Knight Foundation:null,null,null,null,null,null,1
Non-Profit,General,The Governance Lab at NYU,GovLab,"New York, NY",http://wagner.nyu.edu/centers/govlab,26,Beth Noveck,@TheGovLab,4531,null,"New York University, Robert F. Wagner Graduate School of Public Service",MIT Media Lab; Open Government Partnership,John D. and Catherine T. MacArthur Foundation:null; John S. and James L. Knight Foundation:null; Google:null,null,null,null,null,null,null,null,1
Non-Profit,General,John D. and Catherine T. MacArthur Foundation,MacArthur Fdn,"Chicago, IL",http://www.macfound.org,47,Robert Gallucci,@macfound,47368,null,Research Network on Opening Governance,null,null,null,null,null,Revenue:454513951; Expenses:297907427,2012,The Governance Lab at NYU:null; Berkman Center for Internet and Society:400000; New America Foundation:200000; Ushahidi:100000; Electronic Frontier Foundation:600000; Total:236557004,2012,1
For-Profit,Data and Transparency,Palantir,Palantir,"Palo Alto, CA",http://www.palantir.com,1000,"Alexander Karp, Peter Thiel, Joe Lonsdale, Stephen Cohen, Nathan Gettings",@PalantirTech,11008,null,Philanthropy Engineering,Google; Department of State; The White House,null,null,null,null,null,null,null,null,1
For-Profit,General,Microsoft Corporation,Microsoft,"Redmond, WA",http://www.microsoft.com,114104,"Bill Gates, Paul Allen, Steve Ballmer, Satya Nadella, Craig Mundie, danah boyd, Brad Smith, Dan'l Lewin, Annmarie Levins, Cathy Wissink, Adam Hecktman, Scott Mauvais, John Paul Farmer",@Microsoft,5173641,null,"Microsoft Research, Technology and Civic Engagement, Technology and Civic Innovation, CityNext, Corporate Citizenship, YouthSpark, BizSpark, Microsoft Ventures, MS Open Tech",null,null,null,null,null,Revenue:773100000,2013,New York Tech Meetup; Personal Democracy Media; The White House,null,1
For-Profit,General,Google,Google,"Mountain View, CA",https://www.google.com,"52,069","Larry Page, Sergey Brin, Eric Schmidt, Jared Cohen, Ginny Hunt",@google,8784620,null,"Google Ideas, Google Civic Innovation, Google.org",National League of Cities University Leadership Summit; Palantir; Pew Research Center; Pew Charitable Trusts,null,null,null,null,Budget:585700000,2013,The Governance Lab at NYU; Personal Democracy Forum; ,null,1
Non-Profit,Smart and Resilient Cities,MoveOn.org,MoveOn.org,"Berkeley, CA",http://front.moveon.org,29,Justin Ruben,@MoveOn,119181,null,null,null,Total:4146950,2011,null,null,Revenue:4267294; Expenses:3662490,2011,468975,2011,1
Non-Profit,"21st Century Jobs and Opportunities, Smart and Resilient Cities",New York City Economic Development Corporation,NYCEDC,"New York, NY",http://www.nycedc.com,540,"Kyle Kimball, Benjamin Branham, Kim Vaccari, Eric Gertler, James Katz",@NYCEDC,18693,null,"BigApps NYC, New York's Next Top Makers",Microsoft Corporation; NYC BigApps,Total:497497165,2011,null,null,Revenue:664016417; Expenses:648209240,2011,69401,2011,0
For-Profit,Data and Transparency,Socrata,Socrata ,"Seattle, WA; Washington, DC; Berkshire, United Kingdom",http://www.socrata.com,13,Kevin Merritt,@socrata,3427,null,null,Microsoft Corporation; Deloitte; Social Solutions; Safe Software; Civic Insight; The White House,null,null,OpenView Venture Partners:null; Frazier Technology Ventures:null; Morgenthaler Ventures:null,null,null,null,null,null,1
Non-Profit,21st Century Jobs and Opportunities,CivicLab,CivicLab,"Chicago, IL",http://www.civiclab.us/,16,Tom Tresser,@CivicLabChicago,838,null,null,Investigative News Network; Chicago Votes; The Young Invincibles; Moms United Against Violence and Incarceration; Move to Amend; The New Organizing Institute; The Roosevelt Institute; The Chicago Area Fair Housing Alliance; Restore the Fourth; The TIF Illumination Project,Voqal Fund:23000; Individuals:23301,null,null,null,null,null,null,null,0
Non-Profit,General,Ford Foundation,Ford Fdn,"New York, NY",http://www.fordfoundation.org/ ,94,"Irene Hirano Inouye, Darren Walker, Kofi Appenteng, Tim Berners-Lee, Martin Eakes, Amy C. Falls, Juliet V. Garcia, J. Clifford Hudson, Robert S. Kaplan, Lourdes Lopez, Thurgood Marshall Jr., N. R. Narayana Murthy, Peter A. Nadosy, Cecile RIchards, Darren Walker, Tim Berners-Lee",@FordFoundation,42424,null,null,null,null,null,null,null,Revenue:453789109; Expenses:616826363,2011,Brookings Institution:800000; Electronic Frontier Foundation:100000; Ushahidi:500000; Total:985986563,2011,1
Non-Profit,General,John D. Rockefeller Foundation,Rockefeller Fdn,"New York, NY",http://www.rockefellerfoundation.org,214,"David Rockefeller Jr., Judith Rodin",@RockefellerFdn,54105,null,null,null,null,null,null,null,Revenue:298878207; Expenses:199357310,2012,Harvard Kennedy School Ash Center for Democratic Governance and Innovation:684500; New York University:null; Code for America:200000; Total:51359984,2012,1
Non-Profit,General,NYU Interactive Telecommunications Program,NYU ITP,"New York, NY",http://itp.nyu.edu/itp/ ,26,"Dan O'Sullivan, Clay Shirky",@ITP_NYU,3327,null,New York University,null,null,null,null,null,null,null,null,null,0
Non-Profit,Data and Transparency,Open Data Institute,Open Data Institute,"London, London, United Kingdom",http://theodi.org,32,"Tim Berners-Lee, Nigel Shadbolt, Gavin Starks",@UKODI,10401,null,null,Quanta Computer; Telefonica; Virgin Media; Deloitte; Arup; EyeHub; Mydex Data Services; RateSetter,NTT DATA UK Ltd:null; Rackspace:null; Socrata:null; Which?:null; BPE Lawyers:null; 100%Open:null; 4sl Group:null; AIMES Grid Services:null; Amor Group:null; BES Manchester Business School:null; Bright Blue:null; Cogent Analytics:null; Crowdmixx Labs:null; Datactics:null; Dialogue by Design:null; Doorda:null; EcoDesk:null; FlyingBinary:null; Horizon Digital Economy Research Institute University of Nottingham:null; IMAGES&Co:null; import.io:null; JC Analytics:null; Dr Mark Cote King's College London:null; Lokku:null; Matrix Knowledge:null; Oasis Loss Modelling Framework:null; OCSI:null; Royal Statistical Society:null; ScraperWiki:null; Sibdocity:null; Snips:null; Systems in Context Ltd:null; The Audience Agency:null; The Server Labs:null; theblueballroom:null; Omidyar Network:800847,2013,null,null,Income:12131981,2013,null,null,1
Non-Profit,Data and Transparency,Open Knowledge Foundation,Open Knowledge Fdn,"Cambridge, Cambridgeshire, United Kingdom",http://us.okfn.org,38,"Laura James, Karin Christiansen",@OKFN,20944,null,null,null,John S. and James L. Knight Foundation:null; Hewlett Foundation:null; Omidyar Network:null; Sloan Foundation:null; Shuttleworth:null; National Endowment for Democracy:null,null,null,null,null,null,null,null,1
Non-Profit,General,MIT Media Lab,MIT Media Lab,"Cambridge, MA",http://www.media.mit.edu,512,"Joi Ito, Ethan Zuckerman",@medialab,211433,null,null,The Asahi Shimbun Company; BT; DENSO; Dentsu-Aegis Network Ltd.; Digital Garage; Hisensee Co. Ltd; Jaguar Land Rover; LG Electronics Inc.; Panasonic Corporation; RECRUIT; Samsung Electronics Co. Ltd.; SingTel; TCL ultimedia; Toshiba Corporation; 21st Century Fox; APX Labs; Bank of America; Benesse Corporation; Berwind; Bloomberg L.P.; Cisco Systems; Inc.; Colgate-Palmolive; Comcast; Culture Convenience Club Co. LTD.; Deloitte LP; DirecTV; eBay; EMC Corporaton; Fidelity Center for Applied Technology; Fleury; FutureWei Technologies; Inc./Huawei; GlaxoSmithKline; Globo Comunicacao e Participacoes; Google:null; Gucci; Hallmark Cards; Hasbro; Hearst Corporation; Hyundai Motor Company; ICICI Bank; IDEO; Infocast Limited; Intel; Intuit Inc.; Kozo Keikaku Engineering; The LEGO Group; Lockheed Martin; Microsoft Corporation; Mitsui & Co; Monex Group; Mori Building Co.; Ltd.; Natura; NEC Corporation; New Balance Athletic Shoe; Inc.; News Corporation; Nokia Corporation; Northrop Grumman; Olympus Corporation; Otsuka American Pharmaceutical; Inc.; Pearson Inc.; QUALCOMM Incorporated; RR Donnelley; Saudi Aramco; Shell; Starcom Mediavest Group; State Farm; State of Minas Gerais; Steelcase Inc. Lx.; TED; Telecom Italia; TOPPAN Printing Co.; Ltd.; Toyota Motor Corporation; Trends Media Co.; Ltd.; Verizon; Volkswagen Group of America; Inc.,"Cisco Systems Inc.:null; Intel:null; NEC Corporation:null; Shell:null; Volkswagen Group of America Inc.:null; Alfred P. Sloan Foundation:null; Allen Institute for Brain Science:null; Andrew W. Mellon Foundation:null; Austrian Institute of Technology:null; Boston University / NIH NSF:null; Brigham and Women's Hospital / NIH:null; Center for Integration of Medicine and Innovative Technology:null; Damon Runyon Cancer Research Foundation:null; Dartmouth College / Office of Naval Research:null; Defense Advanced Research Projects Agency:null; Ferro Solutions Inc. / NIH:null; German Ministry of Education and Research:null; Harvard University:null; Ford Foundation:null; Intel Foundation:null; Kadokawa Culture Promotion Foundation:null; John S. and James L. Knight Foundation:null; Lincoln Laboratory:null; John D. and Catherine T. MacArthur Foundation:null; Ministry for the Economy Development and Tourism of Chile:null; NASA:null; National Collegiate Inventors and Innovators Alliance:null; National Institutes of Health:null; National Science Foundation:null; New York Stem Cell Foundation:null; Office of Naval Research:null; Open Society Foundations:null; Rehabilitation Institute of Chicago / US Army:null; Rensselaer Polytechnic Institute / US Army:null; SRI International / US Army:null; The Charles Stark Draper Laboratory, Inc:null; The Institution of Engineering and Technology:null; The Joyce Foundation:null; The Simons Foundation:null; The Wellcome Trust:null; University of Cambridge / EC Marie Curie Actions:null; Uniersity of Hohenheim / EC Marie Curie Actions:null; US Army:null; US Veterans Administration:null; Verizon Foundation:null; Armand and Celeste Bartos:null; Benesse Corporation:null; BT:null; Joseph Chung:null; CSK Holdings Corporation:null; Alexander W. Dreyfoos Jr.:null; Informatix Inc.:null; The LEGO Group:null; Dorothy Lemelson:null; LG Electronics Inc.:null; MasterCard International:null; Misawa Homes:null; Motorola Inc.:null; Masanori Nagashima 1976:null; NEC Corporation:null; Isao Okawa:null; Schlumberger:null; Jeffrey L. Silverman 1968:null; Sony Corporation:null; Swatch AG:null; Telmex:null; Toshiba Corporation:null; Philippe Villers:null",2014,null,null,Budget:45000000,null,null,null,1
Non-Profit,General,Harvard Kennedy School Center for Democratic Governance and Innovation,Ash Ctr,"Cambridge, MA",http://www.ash.harvard.edu,100,"Anthony Saich, Marty Mauzy, Mary Graham, Hollie Russon-Gilman",@HarvardAsh,2396,null,"Harvard University, Harvard Kennedy School",null,Amway-China:null; The Andrew W. Mellon Foundation:null; The Annie E. Casey Foundation:null; The Asia Center Harvard University:null; The Atlantic Philanthropies:null; Bank Rakyat Indonesia:null; Biogen Idec:null; Booz Allen Hamilton:null; Charoen Pokphand Group:null; The Chrisopher Reynolds Foundation:null; Daikin Industries Ltd.:null; Dow Jones & Co.:null; Fannie Mae Foundation:null; The Folger Fund:null; Ford Foundation:null; Futurist Group:null; The Hefner Collection:null; IBM:null; John S. and James L. Knight Foundation:null; Kansai Electric Power Co. Inc.:null; The Kansai Keizai Doyukai:null; Kawasaki Heavy Industries Ltd.:null; Living Cities:null; Ministry of Foreign Affairs Republic of China (Taiwan):null; New World China Enterprises Project Ltd.:null; Nippon Life Insurance Co.:null; Noblis Inc.:null; Novartis:null; Obayashi Corporation:null; Osaka Gas Company:null; Rajawali Foundation:null; John D. Rockefeller Foundation:null; Roy and Lila Ash:null; Smith Richardson Foundation:null; The Starr Foundation:null; State Street Corporation:null; Sumitomo Electric Industries Ltd.:null; Sumitomo Metal Industries Ltd.:null; Suntory Ltd.:null; Takenaka Corporation:null; United States Department of State:null; West Japan Railway Company:null; Whitehall Corporation:null,null,null,null,null,null,null,null,1
Government,General,New York City Mayor's Office,NYC Mayor's Office,"New York, NY",http://www1.nyc.gov/nyc-resources/categories/civic-services/general-information/index.page,null,"Bill de Blasio, Jeff Merritt, Matt Klein, Kristen Titus, Robert Richardson",@nycgov,186859,null,"Mayor's Office of Data Analytics, NYC Digital",null,null,null,null,null,Revenue:75012; Expenses:75012,2014,null,null,0
Individual,General,Alex Howard,Alex Howard,"Washington, DC",http://e-pluribusunum.com,null,null,@digiphile,210601,Tow Center; Columbia University; Harvard Kennedy School Ash Center for Democratic Governance and Innovation; O'Reilly Media; TechTarget,null,null,null,null,null,null,null,null,null,null,1
For-Profit,Smart and Resilient Cities,Votizen,Votizen,"San Francisco, CA",http://www.votizen.com,2,"Semil Shah, Matt Snider, Sean Parker",@votizen,13503,null,null,null,null,null,A-Grade Investments:null; Guy Oseary:null; Troy Carter:null; Ashton Kutcher:null; Sean Parker:null; AFSquare:null; Founders Fund:null; 500 Startups:null; Founder Collective:null; Eric Ries:null; SV Angel:null; Steve Blank:null; Shervin Pishevar:null; Tom Shileds:null; Felicis Ventures:null; Keith Rabois:null; David Cowan:null; Mark Goines:null; Total:2250000,"2010, 2012",null,null,null,null,0
For-Profit,Smart and Resilient Cities,Democracy.com,Democracy.com,"New York, NY",http://democracy.com,21,"Talmage Cooley, Heidi Sieck",@DemocracyCom,959,null,null,null,null,null,Fort Point Angels:null; Oleg Uritsky:null; Total: 2000000,"2013, 2014",null,null,null,null,0
For-Profit,Smart and Resilient Cities,Nextdoor,Nextdoor,"San Francisco, CA",https://nextdoor.com,94,"Nirav Tolia, Prakash Janakiraman, Sarah Leary, Dan Clancy",@Nextdoor,8601,null,null,null,null,null,SV Angel:null; Greylock Partners:null; Benchmark:null; Pinnacle Ventures:null; Shasta Ventures:null; Allen & Company:null; Duff Ackerman & Goodrich:null; Bezos Expeditions:null; DAG Ventures:null; Greylock Partners:null; Google:null; Kleiner Perkins Caufield & Byers:null; Tiger Global Management:null; Comcast Ventures:null; Greylock Partners:null; Total:100200000,"2012, 2013",null,null,null,null,1
Individual,21st Century Jobs and Opportunities,Eric Ries,Eric Ries,"San Francisco, CA",http://www.startuplessonslearned.com,null,null,@ericries,178630,The White House; O'Reilly Media; Code for America,null,null,null,null,null,null,null,null,null,null,1
For-Profit,General,O'Reilly Media,O'Reilly Media,"Sebastopol, CA",http://oreilly.com,null,"Tim O'Reilly, Jesse Robbins, William Janeway",@OReillyMedia,70688,null,null,Makezine; Maker Faire,null,null,null,null,null,null,null,null,1
Government,General,18F,18F,null,https://18f.gsa.gov,null,"John Paul Farmer, Haley Van Dyck, Steven VanRoekel, Todd Park, Greg Godbout, Hillary Hartley, Joe Polastre, Aaron Snow, Rebecca Williams",@18F,2220,General Services Administration,null,The White House; Presidential Innovation Fellows Program,null,null,null,null,null,null,null,null,1
Non-Profit,General,Omidyar Network,Omidyar Network,"Redwood City, CA",http://www.omidyar.com,65,"Stacy Donohue, Pierre Omidyar",@OmidyarNetwork,28140,null,null,null,Total:4941593,2012,null,null,Income:29085569,2012,"Alliance for Affordable Internet:null; Amicus:null; Change.org:null; couchsurfing:null; dosomething.org:1500000; GMSA:3650000; healthkart.com:null; Linden Lab:4941593; meetup:5876450; mimoni:null;NationBuilder:null; Neoteny Labs:null; Quikr:null; Range Networks:null; Sovern:null; African Leadership Academy:1500000; Akshara Foundation:950000; Anudip Foundation:650000; Aspiring Minds:null; Bridge International Academies:null; EnglishHelper:null; Kalibrr:null; RLabs:465000; Teach for India:2500000; Tree House:null; BRAC:8275000; Center for Financial Services Innovation:null; Cignifi:null; Consultative Group to Assist the Poor:1500000; Core Innovation Capital:null; Elevar Equity:null25000000; IntelleGrow:null; Kiva:5000000; LeapFrog Investments:null; Lenddo:null; MFX Solutions:9300000; MicroEnsure:null; MicroSave:2000000; Off Grid Electric:null; Prosper:null; Rev:null; SOLIDUS Investment Fund:3700000; Zoona:3700000; Africa Check:250000; African Media Initiative:1700000; Association for Democratic Reforms:3310000; Center for Global Development:1500000; Center for Research and Teaching in Economics:215000; Center on Democracy, Development and the Rule of Law:1035000; Code for America:250000; ePanstwo Foundation:200000; Fundacion Ciudadano Inteligente:500000; Fundar:211000; Global Integrity:2400000; Global Voices:1200000; IMCO:202500; Instituto Cidade Democratic:202500; International Budget Partnerships:null; Janaagraha:3000000; Livity Africa:186000; Media Development Investment Fund:2000000; Meu Rio:475000; Mideast Youth:600000; mySociety:3475000; New Citizen (Centre UA):335000; ONE Campaign:750000; Open Data Institute:750000; Open Government Partnership:1480000; Open Knowledge Foundation:750000; Praekelt Foundation:825000; Project on Government Oversight:1000000; Publica:120000; Sahara Reporters:450000; SeeClickFix:null; Sunlight Foundation:8000000; The XYZ Show:500000; Transparency and Accountability Initiative:583500; Tumml:300000; Ushahidi:1400000; Versa:null; Foundation for Ecological Security:2100000; Institute for Liberty and Democracy:4960000; Landesa:16700000; MicroBuild:null; Red Tierras:685000; Artemisia:null; Endeavor:null; Global Impact Investing Network: 2440000; IGNIA:10000000; Nesta:null; The Bridgespan Group:3500000; d.light design:null; iMerit:null; Song:6000000; Bridges Ventures:null",null,1
Individual,General,Alec Ross,Alec Ross,null,https://www.facebook.com/alec.ross1,null,null,@AlecJRoss,371566,Department of State,null,null,null,null,null,null,null,null,null,null,1
Government,General,Department of State,State Dept,"Washington, DC",http://www.state.gov,13000,"Hillary Clinton, Jared Cohen, Alec Ross",@StateDept,1012484,null,eDiplomacy,null,null,null,null,null,Budget:50832861,2012,null,null,1
Individual,General,Hillary Clinton,Hillary Clinton,"New York, NY",http://www.clintonfoundation.org,null,null,@HillaryClinton,1736529,Department of State; Clinton Foundation; The White House,null,null,null,null,null,null,null,null,null,null,1
Non-Profit,General,Clinton Foundation,Clinton Fdn,"Little Rock, AR; New York, NY",http://www.clintonfoundation.org,675,"Bill Clinton, Hillary Clinton, Chelsea Clinton, Katie Dowd",@ClintonFdn,403013,null,null,null,Total:51456352,2012,null,null,Revenue:54712950; Expenses:58751898,2012,8091488,2012,1
Non-Profit,Data and Transparency,Data & Society Research Institute,Data & Society,"New York, NY",http://www.datasociety.net,24,"danah boyd, Anil Dash, John Palfrey, John Borthwick, Catherine Bracy, Brad Burnham, Susan Crawford, Edward Felten, Tarleton Gillespie, Nick Grossman, Joichi Ito, Hilary Mason, Andrew McLaughlin, Deirdre Mulligan, Alondra Nelson, Andrew Rasiej, Gina Neff, Jason Schultz, Clay Shirky, Micah Sifry, Shamina Singh, Baratunde Thurston, Janet A. Vertesi, Christina xu, Ethan Zuckerman",@data_society,6494,null,null,null,National Science Foundation:null; Microsoft Corporation:null; Sloan Foundation:null; John D. and Catherine T. MacArthur Foundation:null; Ford Foundation:null; Microsoft Research:null; Robert Wood Johnson Foundation:null,"2013, 2014",null,null,null,null,null,null,1
Government,Data and Transparency,Open Government Partnership,OGP,null,http://www.opengovpartnership.org,36,"Dr. IR. Kuntoro Mangkusubroto, Alejandra Lagunes, Rakesh Rajani, Suneeta Kaimal",@opengovpart,17434,null,null,The Governance Lab at NYU,Ford Foundation:600000; Hewlett Foundation:840000; Omidyar Network:1000000; Open Society Foundation:800000; Hewlett Foundation:400000; Omidyar Network:400000; Government of Indonesia:200000; Government of Norway:300000; Government of the Philippines:100000; Government of South Africa:100000; Government of the United Kingdom:103000; Government of the United Kingdom:225000; Government of the United Kingdom:452832; Government of Norway:213000; Government of Brazil:169000; Government of South Africa:150000; Government of the Philippines:100000; Government of Mexico:100000; Government of Tanzania:25000; Government of the United States:200000; Government of Norway:187000; Government of Mexico:100000; Government of the United Kingdom:100000; Government of the Philippines:50000,"2012, 2013, 2014",null,null,Budget:2485716,2013,null,null,1
Non-Profit,Data and Transparency,OpenPlans,OpenPlans,"New York, NY; Philadelphia, PA",http://openplans.org,12,Mark Gorton,@OpenPlans,6485,null,null,Alliance for Biking and Walking; Cambridge Systematics; Columbia Daily Tribune; Living Cities; New York City Department of Transportation; Place Matters; Ride Connection; MAS NYC; Alta; City of Chicago; CTDOT; MTA; Metro; PPS; Sam Schwartz Engineering; Sonoran Institute; Baker; City of Philadelphia; Integrated Transport Planning; Nacto; Orton Family Foundation; Public Lab; Sound Transit; TreeKIT; The Boston Globe; City of West Hollywood; Nelson Nygaard; The Philadelphia Foundation; Purpose; Tri Met; State of Rhode Island,Google:null; John S. and James L. Knight Foundation:null; Rockefeller Foundation:null; the World Bank:null,null,null,null,null,null,null,null,1
Non-Profit,Data and Transparency,Ushahidi,Ushahidi,"Orlando, FL; Nairobi, Kenya",http://www.ushahidi.com,29,"Vidya Spandana, Juliana Rotich",@ushahidi,51101,null,null,The White House; Department of State,Google:null; John S. and James L. Knight Foundation: null; John D. and Catherine T. MacArthur Foundation:null; Ford Foundation:null; Open Society Foundation:null,2012,null,null,Revenue:858233; Expenses:189411,2012,null,null,1
For-Profit,Smart and Resilient Cities,Challenge Post,Challenge Post,"New York, NY",http://challengepost.com,null,Brandon Kessler,@ChallengePost,3470,null,null,The White House; New York City Economic Development Corporation,null,null,Coriolis Ventures:null; betaworks:null; Esther Dyson:null; Richmond Park Partners:null; Joshua Schachter:null; Jason Calacanis:null; Opus Capital:null; Scott Kurnit:null; Steve Wozniak:null; Rose Tech Ventures:null; Jason Calacanis:null; PKS Capital:null; Gerry Campbell:null; Andrew Rasiej:null; Total:4600000,"2009, 2011",null,null,null,null,1
For-Profit,Smart and Resilient Cities,Department of Better Technology,DoBT,"Atlanta, GA",http://www.dobt.co,2,"Clay Johnson, Adam Becker, Sid Burgess, Alex Payne",@dobtco,1109,null,null,The White House,null,null,null,null,null,null,null,null,1
Individual,General,Ron Bouganim,Ron Bouganim,"San Francisco, CA",http://codeforamerica.org/people/ron-bouganim/,null,null,@ronboug,784,Code for America; Govtech Fund,null,null,null,null,null,null,null,null,null,null,1
Individual,Smart and Resilient Cities,Rachel Haot,Rachel Haot,"New York, NY",http://rachelhaot.com/,null,null,@rachelhaot,52680,New York Government; New York City Government,null,null,null,null,null,null,null,null,null,null,0
Individual,General,Aneesh Chopra,Aneesh Chopra,"Washington, DC",null,null,null,@aneeshchopra,18210,The White House; Office of Science and Technology Policy,null,null,null,null,null,null,null,null,null,null,1
Individual,General,Todd Park,Todd Park,"Washington, DC",null,null,null,@todd_park,25288,The White House; Office of Science and Technology Policy,null,null,null,null,null,null,null,null,null,null,1
Individual,General,Mike Bracken,Mike Bracken,"London, UK",null,null,null,@MTBracken,9548,Government Digital Service,null,null,null,null,null,null,null,null,null,null,1
Individual,General,Joi Ito,Joi Ito,"Cambridge, MA",http://joi.ito.com/,null,null,@Joi,95273,MIT Media Lab; Mozilla Foundation,null,null,null,null,null,null,null,null,null,null,1
Individual,General,Ethan Zuckerman,Ethan Zuckerman,"Cambridge, MA",http://www.ethanzuckerman.com/blog/,null,null,@EthanZ,34896,MIT Media Lab; Berkman Center for Internet and Society; Global Voices; MIT Center for Civic Media; Matt Stempeck; Joi Ito,null,null,null,null,null,null,null,null,null,null,1
Individual,General,Anne-Marie Slaughter,Anne-Marie Slaughter,"Washington, DC",null,null,null,@SlaughterAM,103742,New America Foundation; Department of State; Hillary Clinton; Personal Democracy Media,null,null,null,null,null,null,null,null,null,null,1
Individual,General,Hollie Russon-Gilman,Hollie Russon-Gilman,"Washington, DC",null,null,null,@hrgilman,652,The White House; Google; Office of Science and Technology Policy; Harvard University; Harvard Kennedy School Ash Center for Democratic Governance and Innovation; New America Foundation; Open Government Initiative,null,null,null,null,null,null,null,null,null,null,1
Individual,General,Matt Stempeck,Matt Stempeck,"New York, NY",http://mattstempeck.com,null,null,@mstem,4015,Microsoft; MIT Media Lab; MIT Center for Civic Media; Personal Democracy Media; Joi Ito; Ethan Zuckerman; Hollie Russon-Gilman; Laurenellen McCann; Micah Sifry; Nick Grossman; Baratunde Thurson,null,null,null,null,null,null,null,null,null,null,null
Individual,General,Laurenellen McCann,Laurenellen McCann,"Washington, DC",http://ellemccann.com/,null,null,@elle_mccann,2454,Sunlight Foundation; New America Foundation;,null,null,null,null,null,null,null,null,null,null,1
Individual,Smart and Resilient Cities,Peter Singer,Peter Singer,"Washington, DC",null,null,null,@peterwsinger,8807,New America Foundation; Brookings Institution,null,null,null,null,null,null,null,null,null,null,1
Individual,Data and Transparency,Michael Flowers,Michael Flowers,"New York, NY",null,null,null,null,null,Susan Crawford; CUSP; New York University,null,null,null,null,null,null,null,null,null,null,0
Individual,General,Beth Noveck,Beth Noveck,"New York, NY; Cambridge, MA",null,null,null,@bethnoveck,9671,The White House; Office of Science and Technology Policy; MIT Media Lab; Gov Lab; New York University; Open Government Initiative,null,null,null,null,null,null,null,null,null,null,1
Individual,Data and Transparency,danah boyd,danah boyd,"New York, NY",http://www.danah.org/,null,null,@zephporia,101855,Data and Society Research Institute; Microsoft Corporation;Berkman Center for Internet and Society; Ethan Zuckerman; Joi Ito; Anthony Townsend; Kate Crawford; Anil Dash; Catherine Bracy; Susan Crawford; Nick Grossman; Hilary Mason; Andrew McLaughlin; Baratunde Thurston,null,null,null,null,null,null,null,null,null,null,1
Individual,Data and Transparency,Anthony Townsend,Anthony Townsend,"New York, NY",null,null,null,@anthonymobile,3630,Data and Society Research Institute; danah boyd; Kate Crawford; Anil Dash; Catherine Bracy; Susan Crawford; Nick Grossman; Hilary Mason; Andrew McLaughlin; Baratunde Thurston; New York University; Bits and Atoms LLC; Institute for the Future,null,null,null,null,null,null,null,null,null,null,1
Individual,Smart and Resilient Cities,Jen Pahlka,Jen Pahlka,"Oakland, CA",null,null,null,@pahlkadot,17794,The White House; Office of Science and Technology Policy; Code for America; Tim O'Reilly; Presidential Innovation Fellows; Todd Park,null,null,null,null,null,null,null,null,null,null,1
Individual,General,Tim O'Reilly,Tim O'Reilly,"Sebastopol, CA",null,null,null,@timoreilly,1785513,O'Reilly Media; Code for America; Jen Pahlka,null,null,null,null,null,null,null,null,null,null,1
Individual,General,Tim Berners-Lee,Tim Berners-Lee,"Boston, MA",null,null,null,@timberners_lee,177125,World Wide Web Consortium; MIT; Ford Foundation,null,null,null,null,null,null,null,null,null,null,1
Individual,General,Micah Sifry,Micah Sifry,"New York, NY",http://micah.sifry.com/,null,null,@Mlsif,12889,Andrew Rasiej- Personal Democracy Media; Data and Society Research Institute; Sunlight Foundation; Anthony Townsend; Kate Crawford; Anil Dash; Catherine Bracy; Susan Crawford; Nick Grossman; Hilary Mason; Andrew McLaughlin; Baratunde Thurston,null,null,null,null,null,null,null,null,null,null,0
Individual,General,Andrew Rasiej,Andrew Rasiej,"New York, NY",http://rasiej.com/,null,null,@Rasiej,9549,Micah Sifry; danah boyd; Anthony Townsend; Kate Crawford; Anil Dash; Catherine Bracy; Susan Crawford; Nick Grossman; Hilary Mason; Andrew McLaughlin; Baratunde Thurston; Data and Society Research Institute; Personal Democracy Media; New York Tech Meetup; Jessica Lawrence; Girls Who Code; Reshma Saujani,null,null,null,null,null,null,null,null,null,null,0
Individual,Data and Transparency,Anil Dash,Anil Dash,"New York, NY",http://dashes.com/anil/,null,null,@anildash,502225,Data and Society Research Institute; Anthony Townsend; Micah Sifry; Andrew Rasiej; danah boyd; Catherine Bracy; Susan Crawford; Nick Grossman; Hilary Mason; Andrew McLaughlin; Baratunde Thurston; ThinkUp; Activate,null,null,null,null,null,null,null,null,null,null,1
Individual,Smart and Resilient Cities,Susan Crawford,Susan Crawford,"New York, NY; Cambridge, MA",null,null,null,@scrawford,14063,Matt Stempeck; Data and Society Research Institute; danah boyd; Berkman Center for Internet and Society; Stephen Goldsmith; Andrew Rasiej; Micah Sifry; Anthony Townsend; Kate Crawford; Anil Dash; Catherine Bracy; Susan Crawford; Nick Grossman; Hilary Mason; Andrew McLaughlin; Baratunde Thurston,null,null,null,null,null,null,null,null,null,null,1
Individual,Data and Transparency,Nick Grossman,Nick Grossman,"Boston, MA; New York, NY",null,null,null,@nickgrossman,4450,MIT Media Lab; Data and Society Research Institute; Berkman Center for Internet and Society; Union Square Ventures; Anthony Townsend; Kate Crawford; Anil Dash; Catherine Bracy; Susan Crawford; Hilary Mason; Andrew McLaughlin; Baratunde; Thurston; Micah Sifry; Andrew Rasiej; danah boyd;,null,null,null,null,null,null,null,null,null,null,0
Individual,Data and Transparency,Hilary Mason,Hilary Mason,"New York, NY",http://www.hilarymason.com/,null,null,@hmason,46407,Data and Society Research Institute; danah boyd; Anthony Townsend; Kate Crawford; Anil Dash; Catherine Bracy; Susan Crawford; Nick Grossman; Hilary Mason; Andrew McLaughlin; Baratunde Thurston; Micah Sifry; Andrew Rasiej; Fast Forward Labs; Accel Partners,null,null,null,null,null,null,null,null,null,null,1
Individual,Data and Transparency,Andrew McLaughlin,Andrew McLaughlin,"New York, NY",http://andrewmclaughlin.info/,null,null,@McAndrew,14608,Berkman Center for Internet and Society; danah boyd; Data and Society Research Institute; Anthony Townsend; Kate Crawford; Anil Dash; Catherine Bracy; Susan Crawford; Nick Grossman; Hilary Mason; Andrew McLaughlin; Baratunde Thurston; Andrew Rasiej; Micah Sifry,null,null,null,null,null,null,null,null,null,null,1
Individual,Data and Transparency,Baratunde Thurston,Baratunde Thurston,"Brooklyn, NY",http://baratunde.com/,null,null,@baratunde,155161,The Onion; Data and Society Research Institute; Cultivated Wit; danah boyd; Anthony Townsend; Kate Crawford; Anil Dash; Catherine Bracy; Susan Crawford; Nick Grossman; Hilary Mason; Andrew McLaughlin; Baratunde Thurston; Andrew Rasiej; Micah Sifry,null,null,null,null,null,null,null,null,null,null,1
Individual,21st Century Jobs and Opportunities,Jessica Lawrence,Jessica Lawrence,"New York, NY",http://jessicahlawrence.com/,null,null,@jessicalawrence,7419,New York Tech Meetup; Andrew Rasiej; Girls Who Code; Reshma Saujani,null,null,null,null,null,null,null,null,null,null,0
Individual,Smart and Resilient Cities,Ian Kalin,Ian Kalin,"San Francisco, CA",null,null,null,@IanJKalin,833,Presidential Innovation Fellows; Socrata,null,null,null,null,null,null,null,null,null,null,1
Individual,Data and Transparency,Ellen Miller,Ellen Miller,"Washington, DC",null,null,null,@EllnMllr,12133,Sunlight Foundation; Center for Responsive Politics; Public Campaign; Awesome Foundation; Publish what you Fund; Michael Klein,null,null,null,null,null,null,null,null,null,null,0
Individual,21st Century Jobs and Opportunities,Peter Thiel,Peter Thiel,"San Francisco, CA",null,null,null,null,null,Palantir; Alexander Karp; Joe Londsdale,null,null,null,null,null,null,null,null,null,null,1
Individual,Smart and Resilient Cities,Jeremy Bird,Jeremy Bird,"Chicago, IL",null,null,null,@jeremybird,27772,270 Strategies; Obama for America; Battleground Texas,null,null,null,null,null,null,null,null,null,null,1
Individual,General,Mitchell Kapor,Mitchell Kapor,"Oakland, CA",null,null,null,@mkapor,95455,Fraeda Kapor Klein; Lotus; Electronic Frontier Foundation; Mozilla; Kapor Center for Social Impact,null,null,null,null,null,null,null,null,null,null,1
Individual,21st Century Jobs and Opportunities,Fraeda Kapor Klein,Fraeda Kapor Klein,"Oakland, CA",null,null,null,null,null,Mitchell Kapor; Level Playing Field Institute,null,null,null,null,null,null,null,null,null,null,1
Individual,General,Steve Case,Steve Case,"Washington, DC",null,null,null,@SteveCase,667394,AOL,null,null,null,null,null,null,null,null,null,null,1
Individual,General,Jared Cohen,Jared Cohen,"New York, NY",null,null,null,@jaredcohen,290690,Eric Schmidt; Hillary Clinton; Alec Ross; Department of State; Google; Google Ideas; Council on Foreign Relations,null,null,null,null,null,null,null,null,null,null,1
Individual,General,Eric Schmidt,Eric Schmidt,"Mountain View, CA",null,null,null,@ericschmidt,846113,New America Foundation; Google; Jared Cohen; Anne-Marie Slaughter,null,null,null,null,null,null,null,null,null,null,1
Individual,General,Alex Howard,Alex Howard,"Washington, DC",null,null,null,@digiphile,210608,Tech Republic; Tow Center; Harvard University; O'Reilly Media; Tim O'Reilly,null,null,null,null,null,null,null,null,null,null,1
Individual,21st Century Jobs and Opportunities,Eric Ries,Eric Ries,"San Francisco, CA",http://www.startuplessonslearned.com/,null,null,@ericries,178646,IMVU; Steve Blank,null,null,null,null,null,null,null,null,null,null,1
Individual,Smart and Resilient Cities,Mike Flowers,Mike Flowers,"New York, NY",null,null,null,null,null,Susan Crawford; New York City Government,null,null,null,null,null,null,null,null,null,null,0
Non-Profit,General,MIT Center for Civic Media,MIT Ctr for Civic Media,"Cambridge, MA",http://civic.mit.edu,null,null,@civicmit,9213,null,"MIT Media Lab, MIT",The Boston Globe,John S. and James L. Knight Foundation:null,null,null,null,null,null,null,null,1
Individual,General,Nancy Lublin,Nancy Lublin,"New York, NY",null,null,null,@nancylublin,10463,DoSomething.org,null,null,null,null,null,null,null,null,null,null,0
For-Profit,21st Century Jobs and Opportunities,Betaworks Studio,Betaworks,"New York, NY",http://betaworks.com/,19,"John Borthwick, Billy CHasen, Andrew Weissman, Joshua Auerbach, Janet Balis",@betaworks,14346,null,null,null,null,null,Venture51:null; DFJ Growth:null; Digital Garage:null; Lerer Ventures:null; RRE Ventures:null; Total:20000000,2013,null,null,"Yo, Quibb, Giphy, Electric Objects, Bloglovin, Medium, Mindie, Context app, estimote, makr, Urx, Socratic, Apportable, SocialFlow, Grand St., Koa.la, Namo Media, Svbtle, TOTEMS, Picturelife, Pickie, RebelMouse, Summly, Seesaw, CollabFinder, LayerVault, Bondsy, Bloglovin, CasaHop, Moped, Frontback, Couple, Branch, Highlight, IFTTT, Editorially, Fancy Hands, Clipboard, Piictu, Genius, ShowMe, ChallengePost, just.me, Lascaux Co., Memoir, Embedly, Livestar, OnSwipe, Punch!, Extension Entertainment, SocialFlow, Everlane, Bloom Studio, Kickstarter, Findery, OnSwipe, OMGPOP, GroupMe",null,0
For-Profit,General,Control Group,Control Group,"New York, NY",http://www.controlgroup.com/,40,"Campbell Hyers, Colin O'Donnell, Scott Anderson, Toby Boudreaux, Michael O'Neil, Rich Hofbauer, Amanda O'Donnell",@controlgroup,1168,null,null,New York City Mayor's Office; O'Reilly Media; CitiBike; NYC MTA,null,null,null,null,null,null,null,null,0
For-Profit,21st Century Jobs and Opportunities,Codecademy,Codecademy,"New York, NY",http://www.codecademy.com/,21,"Zach Sims, Ryan Bubinski, Douglas Rushkoff", @Codecademy,163815,null,null,null,null,null,Collaborative Fund:null; Founder Collective:null; Kleiner Perkins Caufield Byers:null; O'Reilly Media:null; SV Angel:null; Thrive Capital:null; Union Square Ventures:null; Index Ventures:null,null,null,null,null,null,1
Non-Profit,General,Columbia University in the City of New York,Columbia Univ,"New York, NY",http://www.columbia.edu/,3763,Lee Bollinger,@Columbia,73648,null,Columbia Maker Space,null,null,null,null,null,Revenue:3685903; Expenses:3460017,2013,null,null,0
Non-Profit,General,New York University,NYU,"New York, NY",http://www.nyu.edu/,2014,"John Sexton, Dan O'Sullivan, Clay Shirky, Mayor's Office of Data Analytics",@nyuniversity,25109,null,"NYU Interactive Telecommunications Program, The Governance Lab at NYU, NYU Information Law Institute",null,null,null,null,null,6544000000,2014,null,null,0
Non-Profit,21st Century Jobs and Opportunities,Level Playing Field Institute,LPFI,"Oakland, CA",http://www.lpfi.org/,21,Jarvis Sulcer,@LPFI,1826,null,null,null,null,null,null,null,null,null,null,null,1
For-Profit,21st Century Jobs and Opportunities,GoldieBlox,GoldieBlox,"San Francisco, CA",http://www.goldieblox.com,null,Debbie Sterling,@goldieblox,16890,null,null,null,null,null,null,null,null,null,null,null,1
Non-Profit,21st Century Jobs and Opportunities,Girls Who Code,Girls Who Code,"New York, NY",http://girlswhocode.com,12,"Reshma Saujani, Kristen Titus",@GirlsWhoCode,38933,null,null,Twitter; Square; Google; Goldman Sachs; Ebay; General Electric; Adope; Facebook; Amazon.com; Intuit; John S. and James L. Knight Foundation; Intel; Microsoft; Appnexus; AT&T; Verizon; NYSE Euronext; News Corp; Silicon Valley Bank; Raptor Capital Management; Gild; Qualcomm,John S. and James L. Knight Foundation:null; Goldman Sachs:null; Ebay:null; SAP:null; General Electric:null; Google:null; Sequoia Capital:null; Capital One Bank:null; Twitter:null; Intel:null; Craigslist Foundation:null; DEShaw & Co:null; AT&T:null; Palantir:null; The Thiel Foundation:null; Total:1002394,2012,null,null,Revenue:1052054; Expenses:124792,2012,null,null,1
For-Profit,21st Century Jobs and Opportunities,General Assembly,General Assembly,"New York, NY",https://generalassemb.ly,9,"Adam Pritzker, Matthew Brimer, Brad Hargreaves, and Jake Schwartz",@GA,63966,null,null,null,Google:null; Microsoft Corporation:null; Nas:null; Hirepurpose:null,null,QueensBridge Venture Partners:null; Rethink Education:null; Maveron:null; Institutional Venture Partenrs:null; Western Technology Investment:null; GSV Capital:null; Total:35000000,2014,null,null,null,null,1
For-Profit,21st Century Jobs and Opportunities,Thrive Capital,Thrive Cap,"New York, NY",http://www.thrivecap.com,null,"Joshua Kushner, Jared Weinstein, Will Gaybrick, Chris Paik",@ThriveCapital,608,null,null,null,null,null,null,null,null,null,Urban Compass:null; Spring:null; Jibe:null; Whisper:null; OpenGov:null; Oscar Insurance:null; Artsy:null; Spree Commerce:null; Tictail:null; Harry's:null; Warby Parker:null; Instagram:null; Codecademy:null,null,0
Government,General,New York State Governer's Office,NY State,"New York, NY",http://www.ny.gov/,null,"Andrew Cuomo, Rachel Haot",@NYGovCuomo,122233,null,null,null,null,null,null,null,"90,000,000,000",2015,null,null,0
For-Profit,Data and Transparency,POPVOX,POPVOX,"San Francisco, CA",http://popvox.com,7,"Marci Harris, Rachna Choudhry, Tim O'Reilly",@POPVOX,6154,null,null,null,null,null,Tim O'Reilly:null; Shalini Choudhry:null; Barney Aldridge:null; Vas Choudhry:null; Jeremy Lizt:null; Jimmy Harris,null,null,null,null,null,1
Non-Profit,General,Bloomberg Philanthropies,Bloomberg Philanthropies,"New York, NY",http://www.bloomberg.org/,null,"Michael Bloomberg, John Mack",@bloombergdotorg,32519,null,Government Innovation,Cities of Service; Bill and Melinda Gates Foundation; Living Cities; Open Society Foundations; World Health Organization; Aspen Institute; The Atlantic,null,null,null,null,null,null,Total:452000000,2013,1
Non-Profit,General,Open Society Foundations,Open Society Fdns,"New York, NY",http://www.opensocietyfoundations.org/,null,"George Soros, Christopher Stone",@opensociety,88852,null,null,null,null,null,null,null,null,null,Total:873344000,2013,1
For-Profit,Smart and Resilient Cities,New Amsterdam Ideas,NUAMS,"New York, NY",http://www.nuams.com/,13,Andrew Hoppin,@nuams,1010,null,null,New York Tech Meetup; Microsoft Corporation; Personal Democracy Media; Code for America; The White House; Open Government Partnership; New York City Mayor's Office; New York State Government,null,null,null,null,null,null,null,null,1
Government,Data and Transparency,UK Government Digital Service,UK GDS,"London, UK",https://www.gov.uk/government/organisations/government-digital-service,null,Mike Bracken,@gdsteam,37031,null,null,null,null,null,null,null,2853858,2012,null,null,1
Individual,21st Century Jobs and Opportunities,Kristen Titus,Kristen Titus,"New York, NY",null,null,null,@kristentitus,2931,Girls Who Code; Jumo,null,null,null,null,null,null,null,null,null,null,0
Individual,General,Clay Shirky,Clay Shirky,"Shanghai, China; New York, NY",http://www.shirky.com,null,null,@cshirky,311053,NYU Interactive Telecommunications Program; Berkman Center for Internet and Society;Personal Democracy Media,null,null,null,null,null,null,null,null,null,null,1
Non-Profit,21st Century Jobs and Opportunities,World Business Chicago,World Business Chicago,"Chicago, IL",www.worldbusinesschicago.com,32,"Jeff Malehorn, Carolyn Phillips, John Ramirez, Philip Nevels, Rahm Emanuel",@worldbizchicago,5639,null,Chicago Mayor's Office,Chicago Mayor's Office; Chicago Department of Business Affairs and Consumer Protection; Department of Commerce and Economic Opportunity; Chicago Sister Cities International,null,null,null,null,Revenue:22634995; Expenses:25182263,2012,Chicago Career Tech Skills for Chicagoland's Future:1546231,2012,0
Non-Profit,21st Century Jobs and Opportunities,Chicago Innovation Exchange,Chicago Innovation Exchange,"Chicago, IL",https://cie.uchicago.edu/,null,"John Flavin, Jason Pariso, Kristin Barret, Tom Ancona, Nikki Kidd, Wendy Jones, Wolfgan Connell",@ChicagoCIE,663,null,University of Chicago,Polsky Center for Entrepreneurship and Innovation; UChicagoTech; Argonne National Laboratory; Booth School of Business; UChicago Office of Civic Engagement; University of Chicago College; The Computation Institute; UChicago Division of Biological Sciences; UChicago Division of the Physical Sciences; Fermi National Accelerator Laboratory; Institute of Molecular Engineering; UChicago Institute of Politics; Institute for Translational Medicine; Marine Biological Laboratory; University of Chicago Medicine; University of Chicago Law School; Urban Education Institute,Cisco Entrepreneurs in Residence:null,null,null,null,null,null,"Reflexion Pharmaceuticals:75000; Ice Slurry Refrigerant:100000; Nano-Filter Desalination:65000; PhysIQ:75000; Text Filters:55000; AgileMD:50000; Interferon-Related DNA Damage Resistance Signature (IRDS):50000; TAT-MLL:50000; Anti-ADAM10 Monoclonal Antibody for Treating Skin and Lung Infections:50000; Anti-Protein A Monoclonal Antibody for the Prevention of Straphylococcal Bacteremia:50000; Compounds for the Potentiations of Antibiotic Sensitivity in MRSA:100000; IGF-1 for the Treatment of Recurrent Migraine:100000; Companion Diagnostic for Incretin-Based Therapies:100000; Senescent Cell Cancer Vaccine:60000; System for Clinical Trial Protocol Generation and Management:40000; Antibody-Targeted LIGHT for the Treatment of Primary Tumors and Metastatic Disease in Cancer:100000; Nanocyrstal ""Glue"" for High-Efficiency Thermoelectric Materials:100000; Small Molecule Inhibitors of Copper Chaperones for the Treatment of Cancer:80000; Testing New Venues for Pritzker Course Content Transformation, Distribution, and Commercialization:20000; Ci3's Game Changer Chicago (GCC) Design Lab:50000; ExplORer Surgical Information System:64300; Genomic Prescribing System (GPS):100000; Nanoscale Coordination Polymers (NCP) for Platinum-Resistant Ovarian Cancer:100000; Companion Diagnostic for Treatment of Estrogen Receptor Negative Breast Cancer:55000; Easy-to-Use High-Fidelity Hydrodynamic Simulation Software Package for Development of New Light-Source Technologies:50000; Quantitative Insights Inc:150000; Simplified Chromatin Conformation Capture:70000",2014,0
Non-Profit,21st Century Jobs and Opportunities,1871,1871,"Chicago, IL",http://1871.com,null,"George Vukotich, Melissa Wooten, Laura Fendrich, Rhonda Fair, Sara Clay, Diana Lopez-Obaldo, Laura Clark, Deena Siegal, Howard Tullman, Tom Alexander, Kristi Dula, Josie Pike, Abbie Torgeson, Jasmine Slivka",@1871Chicago,22570,null,"Chicagoland Entrepreneurial Center, Urban Center for Computation and Data",University of Illinois Urbana-Champagne; Chicago; Springfield; Origin Venture; Booth School of Business; Starter League; Tech Stars; Sandbox Industries; Northwestern University; Pritzker Group:Venture Capital; The Impact Engine; Illinois Science and Technology Coalition; Illinois Institute of Technology; Chicago Ventures; Urban Center for Computation and Data,CDW:null; Chase Bank:null; Cisco Systems Inc:null; Comcast:null; DCEO:null; Ernst & Young:null; State of Illinois:null; Motorola Mobility Foundation:null; Netrix LLC:null; Google:null; The Brinson Foundation:null; Katten Muchin Rosenman LLP:null; KPMG:null; Microsoft:null; World Business Chicago:null; DeVry:null; Illinois Math and Science Academy:null; Lightbank:null; OCA Ventures:null; Regus:null; Studley:null; TriNet:null; Crain's:null; Sure Payroll:null; Chicago Innovation Awards:null,2014,null,null,Revenue:3886501; Expenses:1851281,null,null,null,0
Non-Profit,21st Century Jobs and Opportunities,Blue 1647,Blue 1647,"Chicago, IL",http://www.blue1647.com/,null,"Emile Cambry Jr., Antonio Rowry, Jerome Dishman, Ray Lambert, George Geiger, Jonathan Paul Cambry",@BLUE1647,800,null,null,Chicago Mayor's Office,21st Century Youth Project:null; Chicago International Social Change Film Festival:null; Code Chicago:null; Chicago Inventors Organization:null; United NFC:null; Left for Good:null; SponsorChange:null; MEDTOON:null; Reel Illinois:null; YuuConnect:null; Impakt Studio:null; Inclusive Community Project:null; American Chamber Opera Company:null; Politica Aberta:null; Project Exploration:null; Foodhe.ro:null; iMagine It Tech:null; Fluidity Community and Political Consulting:null; Chase Charles Studio:null; Benefit Management Associates:null; The Michael Logic Administration:null; Rigo Ramirez:null; Chicago Comedy Film Festival:null; Hands on Training:null; Dreamz and Visionz:null; Lake Street Barbering Co.:null; Expo Collective:null; Ms Tech:null; Baby Truths:null; Rivive Group:null; PyroPhase:null; Lightning Smart:null; Open Source Temple:null; Parent Power Chicago:null; Urban Leash:null,null,null,null,null,null,null,null,0
Non-Profit,Data and Transparency,Data Science for Social Good,Data Science for Social Good,"Chicago, IL",http://dssg.io/,null,"Rayid Ghani, Matt Gee, Tom Plagge, Andrew Means, Kate Kusiak Galvin, Rob Mitchum, Eric Schmidt, Ian Foster, Charlie Catlett",@datascifellows,2645,null,University of Chicago,Microsoft Corporation; Google,Eric Schmidt: null,null,null,null,null,null,null,null,1
Non-Profit,Data and Transparency,Urban Center for Computation and Data,Urban Ctr for Computation and Data,"Chicago, IL",http://urbanccd.org,null,"Charlie Catlett, Rayid Ghani, Ian Foster, Brett Goldstein, Kathleen Cagney, Stay Lindau, Robert M. Goerge, Robert Rosner, Keith Besserud, Jim Sallee, James Evans, Mario Luis Smal, Doug Pancoast, Svetlozar Nestorov, Doug Voigt, Bo Rodda, Matt Gee",@UrbanCCD,445,null,University of Chicago,National Science Foundation; Skidmore; Owings; & Merrill; School of the Art Institute of Chicago; Chapin Hill; South Side Health and Vitality Studies; Population Research Center; UChicago Research Computing Center; Energy Policy Institute at Chicago; John D. and Catherine T. MacArthur Foundation; City of Chicago; Computation Institute; Argonne National Laboratory; 1871,null,null,null,null,null,null,null,null,0
Non-Profit,Smart and Resilient Cities,UI LABS,UI LABS,"Chicago, IL",http://www.uilabs.org/,null,null,@UILABS_,894,null,null,Digital Manufacturing and Design Innovative Institute; University of Illinois,Department of Defense:70000000; null:250000000,2014,null,null,null,null,null,null,0
Non-Profit,Smart and Resilient Cities,Local Initiatives Support Corporation,LISC,"Chicago, IL",http://lisc.org,null,"Susana Vasquez, Jake Ament, Dionne Baux, Barbara Beck, Keri Blackwell, Monita Blunt, Chris Brown, Julia Chillers, Caroline Goldstein, Ricki Granetz Lowitz, Maria Hernandez, Clarence Hogan, Jennifer McClain, Taryn Roch, Alba Santillan, Dominique Williams ",@LISCChicago,1007,null,null,Neighborhood Lead Agencies; Centers for Working Families; Elev8 Schools,null,null,null,null,null,null,null:7230000,2013,0
Non-Profit,21st Century Jobs and Opportunities,Chicagoland Chamber of Commerce,Chicagoland Chamber of Commerce,"Chicago, IL",http://www.chicagolandchamber.org/wdk_cc/,48,"Theresa Mintle, John Carpenter, Peggy Luce, Maria Rodriguez, Dana Snodgrass",@ChicagolandCmbr,7453,null,"Chicagoland Chamber of Commerce Political Action Committee, Chicagoland Chamber of Commerce Foundation",Metropolitan Administrative Services,null,null,null,null,Revenue:5442744;Expenses:5373241,2012,null,null,0
Non-Profit,Data and Transparency,Chicago Data Visualization User Group,Chicago Data Viz User Group,"Chicago, IL",http://chicagodataviz.wordpress.com/,null,Tom Schenk,@ChicagoDataVis,182,null,null,Chicago Mayor's Office; Chicago Sister Cities International,null,null,null,null,null,null,null,null,0
Non-Profit,Data and Transparency,Chicago Open Data Institute,Chicago Open Data Institute,"Chicago, IL",http://odichicago.org/#,null,"Paul Baker, Forest Gregg, Nick Rougeux, Bilyan Belchev, Elnaz Moshfeghian, Anna Marie Tamayo, Patrick Barry",@DataInstitute,451,null,Open Data Institute,California Sentencing Institute; SchoolCuts; OpenCity,null,null,null,null,null,null,null,null,0
Non-Profit,Data and Transparency,City Data User Group,City Data User Group,"Chicago, IL",http://www.meetup.com/ChicagoCityData/,null,Adam Hecktman,@ChicagoCityData,97,null,null,Microsoft Corporation; Chicago Mayor's Office,null,null,null,null,null,null,null,null,0
Non-Profit,21st Century Jobs and Opportunities,Year Up,Year Up,"Boston, MA",http://www.yearup.org/,null,"Gerald Chertavian, Garrett Moran, Noel Anderson, Jeff Artis, Timothy Higdon, Shawn Jacqueline Bohen, Scott Donahue, Sandra Stark, Sue Meehan",@YearUp,6548,null,null,501cTECH; Aarons Rents; AARP; Accenture; Achieving the Dream; Advent International; Aerotek; AGL Resources; Akin Gump Strauss Hauer & Feld; Alameda Health System; Allegis Group; AllianceBernstein L.P.; Amdocs; American Airlines; American Cancer Society; American Express; American Sugar Refining Inc.; Amica; Ann Inc.; AnyBill; AOL; AOL Advertising; AON; Apptio; Arbitron; ASIS International; Athenahealth; Atrius Health; Autodesk; AutoTrader; AvalonBay Communities; Avectra; Bain Capital LLC; Baltimore City; Baltimore City Community College; Bank of the West; Baptist Health South Florida; Baupost Group L.L.C.; Baxter Healthcare; Bay Area Video Coalition; Beacon Mutual; Bellevue College; BET Networks; Big Fish Games; Bill and Melinda Gates Foundation; Biogen Idec; Blackboard; Blackstone; Bloomberg LP; Blue Cross Blue Shield of Rhode Island; Blue Shield of California; Boston Arts Academy; Boston Childrens Hospital; Boston Financial Data Services; Boston Medical Center; Boston Scholar Athletes; Bright Horizons Family Solutions; Brookings Institution; Brooks Sports; Brown University; Cabot Corporation; Capital One; Care New England; CARE USA; Careerbuilder; Carefirst Blue Cross Blue Shield; Carlyle Group; Carters; Catapult Technology; Cbeyond; CDW; Center for American Progress; CGI; Charles Schwab; Citadel Investment Group; Citi; Citizen Schools; Citizens Bank; Clearwire; CME Group; CohnReznick; Colonial Pipeline; Commonground Marketing; Computers For Youth; Concurix; Cook County; Covidien Latin America; Credit Suisse; CRICO/RMF; Custom Ink; Dashwire; Daughters of Charity Health System; Dell Secureworks; Dell Systems; Deloitte LLP; Deltek; Deutsche Bank; DHL Express Americas; Dickstein Shapiro; Digital Harbor Foundation; DocuSign; Dow Lohnes; Dreambox; DRW Trading Group; Dunkin Brands; Dunn Lumber; Eastern Bank; Eaton Vance Management; eBay; Elavon; Electronic Arts; Embrace Home Loans; Emerging Health Information Technology; Ernst and Young; Exelon; F5 Networks Inc; Fannie Mae; FBR Capital Markets; Federal Home Loan Bank Seattle; Federal Reserve Bank Chicago; Federal Reserve Bank of Atlanta; Federal Reserve Bank of Richmond; FINRA; FM Global; Food & Water Watch; Fred Hutchinson Cancer Research Center; Freddie Mac; FTI Consulting; Gap; Gas South; GE Capital; GE Energy; Genuine Parts Company; George Washington University; Georgia-Pacific; Gilbane; Goizueta Business School; Graduate Management Admission Council; Grantham Mayo Van Otterloo & Co. LLC; Greeley and Hansen; Green Job Works; GTECH; GXS; Haemonetics; Harbor Bank; Harvard University; Hearst Ventures; Hewlett Packard; Hilton Worldwide; Hogan Lovells; Holder Construction; Honey Shines Mentoring Program; Horsetail Technologies; Huron Consulting Group; IDG; In-Q-Tel; Income Research + Management; Incomm; Infinera; ING Group; Intercontinental Exchange; Intercontinental Hotels Group; Itineris; Jawbone; John Hancock; Johns Hopkins Medicine; Johns Hopkins University; Jumpstart; Kaplan University; kCura; Kixeye; Lasership; Latham & Watkins LLP; Lifespan; LinkedIn; Lynn Community Health Center; M. Block and Sons Inc; Manheim Auctions; Marin General Hospital; Marketo; Marsh USA; Meeting Tomorrow; Memorial Healthcare System; Memorial Sloan-Kettering Cancer Center; MFS Investment Management; MHCDO; Microsoft Corporation; Millennial Media; MIT; Morningstar Inc.; Motley Fool; Mount Sinai Medical Center; Mozilla; Muse Technologies; Museum of Fine Arts; NASA; National Aquarium; National Society of Black Engineers; NetApp; Network Health; Neustar; New Signature; New York City Department of Youth and; Community Development; New York Life Retirement Plan Services; New York Presbyterian; New York University; Newell Rubbermaid; Nintendo of America; Nordstrom; North Highland; North Shore LIJ; Northern Virginia Community College; Open Arms; Oracle; Outerwall; Pacific Medical Centers; Partners HealthCare; Passport Capital; Patton Boggs; Pegasystems Inc.; Pepco Holdings Inc; Perkins Coie LLP; PGI Alliance; Pioneer Investments; Premera; Prince Georges Community College; Printpack Inc.; Quality Technology Services; Rainbow PUSH Coalition; Randstad; Redbox; Regence Blue Shield; RetailNext; 2013 Year Up Annual Report 29; Rimm Kaufman; Robert F. Kennedy Center for Justice & Human Rights; Robert Half International; RockTenn; Rollins; RPC Inc.; Rush Univ Medical Center; Russell; SAIC; Saunders Hotel Group LLC; Seattle Cancer Care Alliance; Seattle Childrens Hospital; Serta Simmons; Service Benefit Plan Administrative Services Corporation; Shire Human Genetic Therapies; Sidley Austin LLP; Simulia; Sothebys; Southern Company; Southpoint Consulting; Splash Worldwide; Splunk; Starwood Capital Group; State Street; Steward Health Care System; SunRun; Sutter Health - California Pacific Medical Center; Swarovski; Swedish Medical Center; T-Mobile; T. Rowe Price; Tech Mahindra; Teen Force; Textron; The Coca-Cola Company; The Family League of Baltimore; The Huffington Post; The LAB Miami; The Leona M. and Harry B. Helmsley Charitable Trust; The Miami Herald; The Weather Company; Time Warner Inc.; Travelport; Treasury Wine Estates; Tribeca Flashpoint; Tufts Medical Center; Twitter; UMass Boston; University of Maryland Medical System; US Department of Commerce; Vanguard Health Systems; Ventas Inc.; Vertafore; Verve; Vocalocity; Washington Federal; Weil Gotshal & Manges; Wellington Management Company; Wells Fargo; WGL Holdings Inc.; Wheels Inc.; WhitePages; Whittier Street Health Center; Williams & Connolly; Workday; World Fuel Services; Yelp; Zynga,Bank of the West:null; Barclays Capital:null; Baupost Group LLC:null; Boeing Company:null; JP Morgan Chase:null; MBlock:null; Microsoft:null; State Street Corporation:null; American Tower Corporation:null; Boston Children's Hospital:null; CA Technologies:null; Corvex Management LP:null; Eaton Vance Management:null; Grosvenor Capital Management L.P.:null; Kaiser Permanente:null; National Cable & Telecommunications Association:null; Northern Trust:null; Pepco Holdings Inc.:null; Swedish Medical Center:null; Tudor Foundation Inc.:null; Two Sigma Investments LLC:null; Accenture:null; Acumen Solutions VA:null; Aerotek:null; Allegis Group:null; athenahealth:null; Avectra:null; Bloomberg LP:null; BNY Mellon:null; Capital Group Companies:null; Charles Rose Architects:null; Covidien:null; Deltek Inc.:null; DRW Trading Group:null; EMC Corporation:null; Genuine Parts Company:null; Goldman Sachs:null; GTECH:null; Hasbro:null; HighBrook Investment Management:null; Income Research + Management:null; New York Life Retirement Plan Services:null; Rabine Group:null; Shire Human Genetic Therapies:null; The Roderick Group:null; W. W. Grainger:null; Wingate Management Company Inc.:null; Atalaya Captal:null; AvalonBay Communities:null; Bessemer Trust Company:null; Boston Trust & Investment Management Company:null; Cassidy Turley:null; Charlesbank Capital Partners:null; CitiGroup:null; Citizens Bank:null; Commonwealth Limousine Worldwide:null; CVS/Caremark:null; Davenport Fund:null; Embassy of the State of Qatar:null; Fiera Capital:null; GitHub:null; HNTB:null; Javlin Capital:null; Jefferies & Company Inc.:null; Kaye-Smith Enterprises:null; KPMG:null; Latham & Watkins LLP:null; Loomis Sayles & Company:null; Manpower:null; Mellon Capital Management:null; NEPC:null; New York Life Insurance Company:null; Nintendo of America:null; Openview Venture Partners:null; Partners HealthCare:null; Pegasystems Inc.:null; Putnam Investments:null; Robert Half International:null; Sidley Austin LLP:null; Society of Information Management - Washington Chapter:null; Southern Company:null; Spectrum Incorporated General Contracting:null; STAG Industrial:null; Standish Investment Management:null; Stop & Shop Supermarkets:null; The Boston Company Asset Management:null; Thomas H. Lee Partners:null; TPG Capital:null; W.B. Mason:null; Wells Fargo Advisors:null; Wells Fargo Bank of Georgia:null; Wight & Company:null; 501cTECH:null; 88 Herido LLC:null; AAA:null; Abbott Klar Real Estate Group:null; Abrams Capital Management LLC:null; Alnor Oil Company:null; Alston & Bird LLP:null; American Association of Community Colleges:null; Anchor Capital:null; Atlanta Metropolitan State College:null; Bank Rhode Island:null; Batterymarch Financial Management:null; BBR Partners:null; Benemax:null; Biogen Idec:null; Blue Cross Blue Shield of Rhode Island:null; Blue State Coffee:null; Boston Financial Data Services:null; Bryant University:null; Carefirst BCBS:null; CBIZ Tofias & Mayer Hoffman McCann P.C.:null; Cisco Systems:null; CME Group:null; CoBank:null; Core-Mark:null; DLA Piper:null; Eliassen Group:null; Embrace Home Loans:null; Eventbrite:null; First Presbyterian Church of New Canaan:null; Foster Pepper PLLC:null; Fulcrum Equity Partners:null; Future State:null; Goodwin Procter LLP:null; Google Matching Gifts Program:null; Google TRIPS for Charity:null; Gourmet Express:null; Grantham Mayo Van Otterloo & Co.:null; HDI - Atlanta:null; HGS Holdings:null; HITT:null; Hogan Lovells:null; Homesite Group Inc.:null; ICF International:null; Jeffries & Company LLC:null; JHL Capital Group:null; John Hancock Financial Services:null; Knight Partners LLC:null; L.K. Bennett:null; Lifespan:null; Lindahl Brothers Inc.:null; MacKay Shields:null; Manulife Financial:null; Mariner Investment Group:null; Mercedes Benz of Silver Spring:null; Meriwest Credit Union:null; MFS Investment Management:null; Morgan Stanley Smith Barney:null; MSCI:null; Navigant Credit Union:null; Neustar:null; Pacific Medical Centers:null; PanAgora Asset Management:null; Permal Group:null; Pioneer Investments:null; POLITE in Public:null; Professional Alternative Inc.:null; Regence Blue Shield:null; Residential Properties Ltd.:null; Richards Barry Joyce & Partners LLC:null; Robeco Investment Management:null; Rollins ITC Operations:null; San Francisco Design Center:null; Seattle Metropolitan Credit Union:null; Simpson Thacher & Bartlett:null; Sovereign Bank:null; Studley:null; Sutter Health - California Pacific Medical Center:null; TechServe Alliance:null; UBS Global Asset Management:null; UBS Investments:null; United Way of National Capital Area:null; Urenco:null; Valassis:null; Wellington Management Company:null; Westfield Capital Management:null; Weston Golf Club:null; WGL Holdings Inc.:null; William Jessup University:null; Ximedica:null; YHB Charitable Endowment:null; Zuma:null,2013,Annie E. Casey Foundation:null; Anonymous:null; AT&T Foundation:null; Bank of America Foundation:null; Barr Foundation:null; Anita & Joshua Bekenstein:null; Kristine & John Bradley:null; Kate & Gerald Chertavian:null; Coatue Foundation:null; Keith Colburn:null; Conard Davis Family Foundation:null; CVS Caremark Charitable Trust:null; Maureen & Timothy Dibble:null; Jane & Peter Drittel:null; Sandy & Paul Edgerley:null; Andrea Feingold:null; Connie & Michael Feldman:null; Elizabeth B. Strickler & Mark Gallogly:null; Bill & Melinda Gates Foundation:null; Greenlight Fund:null; Elizabeth & Phillip Gross:null; Maria & Peter Handrinos:null; Joanna & Jonathon Jacobson:null; The Jenesis Group:null; JPMorgan Chase Foundation:null; The Klarman Family Foundation:null; The Kresge Foundation:null; Laffont Family Foundation:null; Jeannie & Jonathan Lavine:null; Lovett-Woodsum Foundation:null; Mannion Family Foundation:null; Rod McCowan:null; Mary Penniman & Garrett Moran:null; Denise Dupre & Mark Nunnelly:null; Open Society Foundation:null; OXL Foundation:null; Erica & Ted Pappendick:null; Pearson Foundation:null; Pershing Square Foundation:null; Amy & John Phelan:null; The Reeder Foundation:null; Diane Schueneman:null; Gail Snowden:null; The Salem Foundation:null; Jeff Shames:null; Stephanie & Brian Spector:null; The Sternlicht Family Foundation:null; Dr. Melodie Mayberry-Stewart:null; Pam & Alan Trefler:null; Craig Underwood:null; Charlotte & Herbert Wagner III:null; W. Clement & Jessie V. Stone Foundation:null; Tona & Robert White:null,2013,Revenue:70100000; Expenses:57400000,2013,null,null,1
Non-Profit,21st Century Jobs and Opportunities,IC Stars,IC Stars,"Chicago, IL",http://www.icstars.org/,null,"Sandee Kastrul, Carey Kogol, Eric Lannert",@icstarsChicago,2232,null,null,null,CloserLook:null; Comcast:null; Gartner:null; Kraft:null; SalesForce:null; Solstice Mobile:null; TTX:null; Underwriter Laboratories:null,2014,null,null,Revenue:1631856; Expenses:1497176,2013,null,null,0
Non-Profit,Smart and Resilient Cities,Smart Chicago Collaborative,Smart Chicago Collaborative,"Chicago, IL",http://www.smartchicagocollaborative.org/,3,"Daniel O'Neil, Kyla Williams, Sonja Marziano",@SmartChicago,2277,null,null,Chicago Mayor's Office; Chicago Public Schools; Chicago Department of Public Health; Purple Binder; Mikva Challenge; Free Spirit Media; Adler Planetarium; Chicago Community Trust; John D. and Catherine T. MacArthur Foundation; Local Initiatives Support Corporation; Tracklytics; Illinois Science and Technology Coalition,MacArthur Foundation:null; Chicago Community Trust: null; Knight Foundation:null; BTOP PCC:null; Otho S. A. Sprague Memorial Institute:null,2014,null,null,null,null,null,null,0
For-Profit,General,TechNexus,TechNexus,"Chicago, IL",http://www.technexus.com/,null,null,@TechNexus,2565,null,null,PhysIQ; Microsoft Corporation; Center for Neighborhood Technology,null,null,null,null,null,null,null,null,0
Non-Profit,General,Impact Engine,Impact Engine,"Chicago, IL",http://theimpactengine.com/,null,"Dennis Barsema, Linda Darragh, Jessia Droste Yagan, Valerie Hedge, Jamie Jones, Greg Lernihan, Elizabeth Riley, Tasha Seitz, Chuck Templeton",@TheImpactEngine,3751,null,null,null,Freeborn Attorneys at Law:null; Google:null; Hannah's Bretzel:null; Inventables:null; Sram:null; Synergy:null,2014,null,null,null,null,null,null,0
For-Profit,General,Tech Stars,Tech Stars,"Chicago, IL",http://www.techstars.com/,null,"Tony Henikof, Sam Yagan, Nick Rosa, Adam Koopersmith, Steve Farsht",@techstars,129021,null,null,1871,American Airlines:null; DigitalOcean:null; MasterCard:null; Microsoft:null; Cooley:null; SendGrid:null; IBM:null; Silicon Valley Bank:null; Rackspace:null; CDW:null; Verizon:null; AWS Activate:null; Dell:null; Intel:null; Samsung:null; Foley and Lardner LLP:null; TriNet:null,2014,null,null,null,null,null,null,1
Non-Profit,General,Chicagoland Entrepreneurial Center,Chicagoland Entrepreneurial Ctr,"Chicago, IL",http://www.chicagolandec.org/,3,"Jim O'Connor, Kristin Barrett, Kristi Dula, Mike Huffstetler, Melissa Lederer, Josie Pike, Abbie Torgeson",@chicagolandec,5636,null,null,1871,null,null,null,null,Revenue:3886501; Expenses:1851281,2012,null,null,0
For-Profit,General,Founder Institute,Founder Institute,"New York, NY",http://fi.co/#,null,null,@founding,51739,null,null,Microsoft Corporation; AppCampus; Idyllic Software; Palo Alto Software; Crowd Spring; Cloud Elements; Wave Accounting; Softjourn,null,null,null,null,null,null,null,null,1
Non-Profit,Smart and Resilient Cities,Transit Future,Transit Future,"Chicago, IL",http://transitfuture.org/,null,null,@transit_future,313,null,null,Center for Neighborhood Technology; Active Transportation Alliance,Null,null,null,null,null,null,null,null,0
Non-Profit,General,Illinois Technology Association,Illinois Tech Assoc,"Chicago, IL",https://www.illinoistech.org/,null,null,@ITAbuzz,4817,null,null,null,Grant Thornton:null; SouthPoint:null; Liquidus:null; SIM Partners:null; Hireology:null; Entrepreneurs Unplugged:null,null,null,null,null,null,null,null,0
Non-Profit,General,Built in Chicago,Built in Chicago,"Chicago, IL",http://www.builtinchicago.org/,null,"Maria Christopoulos Katris, Adam Calica, Carlin Sack",@BuiltInChicago,18700,null,null,null,null,null,null,null,null,null,null,null,0
Non-Profit,General,Economic Club of Chicago,Economic Club of Chicago,"Chicago, IL",http://www.econclubchi.org/,8,"Donna Zarcone, Kelsey Carlson, Katie Esposito, Cheryl Eugenio, Amy Harris, Erika Jerzy, Andrew Leasure, Megan Nash, Emily Whelchel",@EconClubChi,183,null,null,null,null,null,null,null,Revenue:2824048;Expenses:2430659,2012,null,null,0
Government,21st Century Jobs and Opportunities,Illinois Workforce Investment Board,Illinois Workforce Investment Board,"Chicago, IL",http://www.illinoisworknet.com/,null,"Adam Pollet, John Rico",@ILworkNet,1719,null,"Illinois Governor's Office, Illinois Department of Commerce and Economic Opportunity",null,null,null,null,null,null,null,null,null,0
Government,21st Century Jobs and Opportunities,Illinois Department of Commerce and Economic Opportunity,Illinois Dept of Commerce,"Springfield, IL",http://www.illinois.gov/dceo/Pages/default.aspxq,null,Adam Pollet,@IllinoisDCEO,2129,null,Illinois Governor's Office,null,null,null,null,null,null,null,null,null,0
Government,General,Argonne National Laboratory,Argonne National Laboratory,"Argonne, IL",http://www.anl.gov/,null,"Peter Littlewood, Alfred Sattelberger, Paul Kearns, Mark Peters, Rick Stevens, Stephen Streiffer, Henry Weerts",@argonne,29731,null,U.S. Department of Energy,null,null,null,null,null,null,null,null,null,0
Government,General,Fermilab,Fermilab,"Batavia, IL",http://www.fnal.gov/,null,Nigel Lockyer,@Fermilab,612,null,U.S. Department of Energy,University of Chicago; Universities Research Association Inc.,null,null,null,null,null,null,null,null,0
Non-Profit,Smart and Resilient Cities,Chicago Public Library Foundation,Chicago Public Library Fdn,"Chicago, IL",http://www.cplfoundation.org/site/PageServer?pagename=deploymenthome,6,"Rhona Frazin, Catherine Brown, Beth Zachara, Patty Siebart, Nancy Lynn, Veronica Brown, Cheryl Walker, Jennifer Adams",@chipublib,11692,null,Chicago Public Library,Chicago Public Library,Oprah Winfrey Fund:null; Albert Pick Jr. Fund:null; Allstate:null; Institute of Museum and Library Services:null; Kraft:null; BMO Harris Bank:null; Kirkland and Ellis LLP:null; Polk Bros. Foundation:null; Microsoft:null; Advanced Resources LLC:null; Ann and Robert H. Lurie Foundation:null; Bank of America Foundation:null; Bank of America Illinois:null; The Barker Welfare Foundation:null; BlueCross BlueShield of Illinois:null; The Brinson Foundation:null; Leo Burnett Company:null; Chicago Blackhawks:null; The Chicago Community Trust:null; Chicago Sun-Times:null; Chicago Title & Trust Company Foundation:null; ComEd:null; The Comer Foundation:null; The Crown Family:null; Cubs Care a fund of the McCormick Foundation:null; RR Donnelley:null; RR Donnelley Foundation:null; Richard H. Driehaus Foundation:null; Exelon Corporation:null; Grosvenor Capital Management L.P.:null; Helen M. Harrison Foundation:null; Kurtis Productions:null; Macy's Foundation:null; JP Morgan Chase Foundation:null; The Elizabeth Morse Charitable Trust:null; The Elizabeth Morse Genius Charitable Trust:null; Motorola Solutions Foundation:null; Mozilla Foundation:null; The Northern Trust Company:null; Peoples Gas:null; RPM Advertising Inc.:null; Dr. Scholl Foundation:null; Skadden Arps Slate Meagher & Flom:null; Smart Chicago Collaborative:null; Target Corporation:null; United Airlines:null; Arbor Private Investments Company:null; Baker & McKenzie:null; Baker Tilly Virchow Krause LLP:null; The Boeing Company:null; Citadel Foundation:null; Clarity Partners LLC:null; The Donnelley Foundation:null; Ernst & Young LLP:null; Hyatt Hotels:null; Illinois Tool Works Inc.:null; Ingram Book Company/Library Services:null; Integrys Energy Group Inc.:null; JMB Realty:null; K&L Gates LLP:null; Lloyd A. Fry Foundation:null; Mesirow Financial:null; Molex Incorporated:null; Mondelez International:null; Motorola Mobility Foundation:null; PNC Bank:null; The PrivateBank:null; Robinwood Consulting:null; Tribune Company:null; Troutman Sanders LLP:null; U.S. Equities Realty:null; Ventas:null; William Blair & Company:null,2014,null,null,Revenue:3543723; Expenses:5239315,2012,null,null,0
For-Profit,General,Andreessen Horowitz,A16Z,"Menlo Park, CA",http://a16z.com/,31,"Marc Andreessen, Ben Horowitz, Peter Levine, John O'Farrell, Scott Weiss, Jeff Jordan, Margit Wennmachers, Benedict Evans",@a16z,105911,null,null,null,null,null,null,null,Revenue:unknown; Expenses:unknown,null,Airbnb:unknown,2011,1
Individual,General,Ashton Kutcher,Ashton Kutcher,"Los Angeles, CA",http://en.wikipedia.org/wiki/Ashton_Kutcher,null,null,@aplusk,16324869,null,null,A-Grade Investments; Airbnb,null,null,null,null,Revenue:unknown; Expenses:unknown,null,Airbnb:unknown,2012,1
For-Profit,21st Century Jobs and Opportunities,Causes,Causes,"San Francisco, CA",https://www.causes.com/,41,"Sean Parker, Matt Mahan, Miche Capone, Christopher Chan, Jimmy Kittiyachavalit, Jason Purtorti, Matt Wilson, James Windon, Joe Green",@causes,129423,null,null,Brigade; Philotic Inc.; Votizen,null,null,Amidzad Partners Hadi & Ali Partovi Scott Banister Founders Fund:2400000; Founders Fund:5000000; Founders Fund New Enterprise Associates:9000000,"2007, 2008, 2010",Revenue:unknown; Expenses:unknown,null,null,null,1
For-Profit,Smart and Resilient Cities,Change.org,Change.org,"San Francisco, CA",https://www.change.org/,150,"Ben Rattray, Jennifer Dulsky, Mark Dimas, Amanda Levy, Danny Moldovan, Matthew Slutsky, Darren Haas, Stephanie Hsiung, Benjamin Joffe-Walt, David Hanrahan, Brenton Gieser",@Change,865982,null,null,null,null,null,"Summit Action Fund;null; Omidyar Network:null; Pierre Omidyar:null; Emagen Investment Group Inc.:null; Anthony Saleh:null; Nasir ""Nas"" Jones:15000000",2013,Revenue:unknown; Expenses:unknown,null,null,null,1
For-Profit,General,Github,Github,"San Francisco, CA",https://government.github.com/,212,"Chris Wanstrath, PJ Hyett, Scott Chacon, Ryan Tomayko, Kyle Neath, Vlado Herman, Brian Doll, Tom Preston-Werner",@github,333020,null,null,City and County of San Franciso,null,null,Andreessen Horowitz:null; SV Angel:null; Total:100000000,2012,Revenue:unknown; Expenses:unknown,null,null,null,1
For-Profit,Data and Transparency,OpenGov,OpenGov,"Mountain View, CA",https://www.opengov.com/,20,"Zac Bookman, Nate Levine, Mike Rosengarten, Dakin Sloss",@OpenGovInc,876,null,null,City of Palo Alto; Town of Atherton; City of Mountain View; City of Los Angeles,null,null,Formation 8:null; Thrive Capital:null; Andreessen Horowitz:null; SG VC:15000000,"2014, 2013, 2012",Revenue:unknown; Expenses:unknown,null,null,null,1
Individual,General,Pierre Omidyar,Pierre Omidyar,"Honolulu, HI",http://en.wikipedia.org/wiki/Pierre_Omidyar,null,null,@pierre,479831,Omidyar Network; Change.org,null,null,null,null,null,null,Revenue:unknown; Expenses:unknown,null,Change.org:15000000,2013,1
For-Profit,21st Century Jobs and Opportunities,Razoo,Razoo,"San Francisco, CA",http://www.razoo.com/,30,"Bo Lotinsky, Patrick Lardin, Bryce Melvin, Alex Kouts, Ghazal Vaghedi",@razoo,13629,null,null,Razoo Foundation,null,null,null,null,Revenue:unknown; Expenses:unknown,null,null,null,0
Non-Profit,21st Century Jobs and Opportunities,ReAllocate,ReAllocate,"San Francisco, CA",http://reallocate.org/,6,"Mike North, Timothy Lipton, Steve Outtrim, Jeff Diehl, Bill Landers, Roy Hardiman",@reallocate,356,null,null,null,Individuals:29000; Foundations:11650,2012,null,null,Revenue:13651; Expenses:9569,2011,null,null,0
Individual,General,Ron Conway,Ron Conway,"San Francisco, CA",http://en.wikipedia.org/wiki/Ron_Conway,null,null,@RonConway,63416,null,null,Google; Rally.org; Votizen; FWD.us; Brigade Media,null,null,null,null,Revenue:unknown; Expenses:unknown,null,Brigade Media:unknown; Rally.org:unknown; Votizen:unknown; FWD.us:unknown,2014,1
Non-Profit,Smart and Resilient Cities,San Francisco Citizens Initiative for Technology and Innovation,SF.CITI,"San Francisco, CA",http://www.sfciti.com/,9,"Jeremy L. Wallenberg, Erika Jones-Clary, Anna Avoyan",@sfciti,3625,null,null,Jawbone; Salesforce; AT&T; Google; Tagged; Zynga; Microsoft Corporation; Accela,null,null,null,null,Revenue:unknown; Expenses:unknown,null,null,null,0
Individual,General,Sean Parker,Sean Parker,"San Francisco, CA",http://en.wikipedia.org/wiki/Sean_Parker,null,null,@sparker,419900,Causes; Brigade Media; Votizen; the Founders Fund,null,null,null,null,null,null,Revenue:unknown; Expenses:unknown,null,Votizen:unknown; Brigade Media:9300000,"2010, 2014",1
Government,Smart and Resilient Cities,San Francisco Mayor's Office of Civic Innovation ,San Francisco Mayor's Office of Civic Innovation ,"San Francisco, CA",http://innovatesf.com/,6,"Jay Nath, Shannon Spanhake, Rebecca Center Foster, Krista Canellakis, Jake Levitas, Jason Lally, Monique Woodard",@SFMOCI,2403,null,City and County of San Francisco,San Francisco Citizens Initiative for Technology and Innovation; Code for America; San Francisco Planning and Urban Research Association; Gray Area Foundation for the Arts,null,null,null,null,Revenue:unknown; Expenses:unknown,null,null,null,0
Government,General,Chicago Mayor's Office,Chicago Mayor's Office,"Chicago, IL",http://www.cityofchicago.org/city/en/depts/mayor.html,null,null,@ChicagosMayor,48707,null,null,null,null,null,null,null,null,null,null,null,0
Non-Profit,21st Century Jobs and Opportunities,Mozilla Foundation,Mozilla Fdn,"Mountain View, CA",https://www.mozilla.org/en-US/foundation/,22,"Mitchell Baker, Brian Behlendorf, Joi Ito, Bob Lisbonne, Cathy Davidson, Ronaldo Lemos",@mozilla,47210,null,Mozilla,null,Total:5805972,2012,null,null,Revenue:9046361; Expenses:9822851,2012,1154357,2012,1
Government,General,Boston Mayor's Office,Boston Mayor's Office,"Boston, MA",http://www.cityofboston.gov/,null,"Marty Walsh, Nigel Jacobs",@marty_walsh,40804,null,New Urban Mechanics,null,null,null,null,null,27000000,2015,null,null,0
Non-Profit,Smart and Resilient Cities,Dudley Street Neighborhood Initiative,Dudley Street Neighborhood Initiative,"Boston, MA",http://dsni.org,45,null,null,null,null,null,New Urban Mechanics; Emerson Engagement Labs,Total:1987865,2013,null,null,Revenue: 2061206; Expenses: 2038724,2013,334500,2013,0
Non-Profit,Smart and Resilient Cities,Code for Boston,Code for Boston,"Boston, MA",http://www.meetup.com/Code-for-Boston/,null,null,@codeforboston,807,null,Code for America,null,null,null,null,null,null,null,null,null,0